Ward,Searches,Searches which got estimate,Searches for Quotes,Searches which got Quotes,Bookings,Completed Trips,Search-to-estimate Rate,Estimate-to-search for quotes Rate,Quote Acceptance Rate,Quote-to-booking Rate,Cancelled Bookings,Booking Cancellation Rate,Conversion Rate,Drivers' Earnings,Average Distance per Trip (km),Average Fare per Trip,Distance Travelled (km)
Other Wards,3071626.0,2712391.0,1890877.0,975708.0,954414.0,589585.0,0.883,0.6970000000000001,0.516,0.978,364609.0,0.382,0.192,120007713.0,10.37,175.04,7190364.0
Shantala Nagar,2401161.0,2384599.0,2067653.0,856568.0,841607.0,474271.0,0.993,0.867,0.414,0.983,367010.0,0.436,0.198,71177412.0,7.48,138.74,3863534.0
Doddakanahalli,1727250.0,1711471.0,1456511.0,596480.0,587089.0,350792.0,0.991,0.851,0.409,0.9840000000000001,236139.0,0.402,0.203,59211778.0,9.02,159.54,3354728.0
Agara,1226026.0,1214797.0,1043176.0,520539.0,508562.0,336728.0,0.991,0.8590000000000001,0.499,0.977,171714.0,0.33799999999999997,0.275,47568017.0,7.63,137.67,2633026.0
Koramangala,1169452.0,1158300.0,994218.0,528008.0,515062.0,334904.0,0.991,0.858,0.531,0.975,180001.0,0.349,0.28600000000000003,44596808.0,6.97,128.74,2437405.0
Adugodi,1191234.0,1182173.0,1005962.0,536543.0,522711.0,313312.0,0.992,0.851,0.5329999999999999,0.9740000000000001,209053.0,0.4,0.263,43890701.0,7.02,131.45,2338615.0
Suddagunte Palya,1320628.0,1308932.0,1126624.0,542706.0,530825.0,296399.0,0.991,0.861,0.48200000000000004,0.978,234284.0,0.441,0.22399999999999998,39411590.0,7.11,129.98,2174999.0
Vasanth Nagar,962005.0,955421.0,795373.0,423856.0,416058.0,262534.0,0.993,0.8320000000000001,0.5329999999999999,0.982,153393.0,0.369,0.273,35920222.0,7.4,132.98,2032705.0
Bellanduru,1365703.0,1354563.0,1176030.0,447575.0,440185.0,257849.0,0.992,0.868,0.381,0.983,182240.0,0.414,0.18899999999999997,44694374.0,9.17,160.63,2550817.0
Hoysala Nagar,703222.0,698197.0,586782.0,331654.0,326166.0,217110.0,0.993,0.84,0.565,0.983,108961.0,0.33399999999999996,0.309,27898914.0,6.37,119.8,1504039.0
Byrasandra,624214.0,618914.0,500722.0,314383.0,308615.0,208058.0,0.992,0.809,0.628,0.982,100479.0,0.326,0.33299999999999996,24700142.0,6.28,113.2,1372034.0
Old Thippasandra,633865.0,628921.0,541589.0,315579.0,310219.0,203512.0,0.992,0.861,0.583,0.983,106602.0,0.344,0.321,27716600.0,7.01,129.86,1493473.0
Marathahalli,1129332.0,1120935.0,942426.0,375796.0,369706.0,202837.0,0.993,0.841,0.39899999999999997,0.9840000000000001,166767.0,0.451,0.18,35748713.0,9.01,160.03,2011710.0
Domlur,703108.0,698041.0,602252.0,313868.0,308639.0,201305.0,0.993,0.863,0.521,0.983,107215.0,0.34700000000000003,0.28600000000000003,28037082.0,7.06,130.78,1507904.0
HRBR Layout,495908.0,493395.0,399052.0,284677.0,280474.0,194414.0,0.995,0.809,0.713,0.985,85982.0,0.307,0.392,24694375.0,6.66,120.75,1365275.0
Sampangiram Nagar,918287.0,911485.0,763612.0,361001.0,355542.0,188850.0,0.993,0.838,0.473,0.985,166584.0,0.469,0.20600000000000002,28029607.0,7.69,137.83,1592800.0
Madivala,751268.0,742961.0,621190.0,322177.0,315216.0,187691.0,0.9890000000000001,0.836,0.519,0.978,127466.0,0.40399999999999997,0.25,23498153.0,6.69,123.51,1283390.0
Gandhinagar,583453.0,577642.0,409590.0,298294.0,292759.0,183335.0,0.99,0.7090000000000001,0.728,0.981,109334.0,0.374,0.314,27800422.0,8.46,153.09,1574607.0
Aramane Nagara,546489.0,542221.0,416957.0,285980.0,279386.0,180884.0,0.992,0.769,0.6859999999999999,0.977,98438.0,0.35200000000000004,0.331,24979189.0,7.22,128.38,1425382.0
Jakkuru,629076.0,624824.0,485812.0,297748.0,291553.0,179670.0,0.993,0.778,0.613,0.9790000000000001,111831.0,0.384,0.28600000000000003,29913410.0,8.89,154.35,1743306.0
Vinayakanagar,564655.0,559717.0,461557.0,280715.0,275406.0,173474.0,0.991,0.825,0.608,0.981,101845.0,0.37,0.307,23202000.0,7.48,133.85,1292724.0
J P Nagar,526581.0,522247.0,423506.0,272513.0,266903.0,172802.0,0.992,0.8109999999999999,0.643,0.9790000000000001,93999.0,0.35200000000000004,0.32799999999999996,21453148.0,6.45,116.66,1186151.0
Whitefield,838663.0,831606.0,684364.0,286103.0,281317.0,170977.0,0.992,0.823,0.418,0.983,110293.0,0.392,0.204,29280129.0,8.52,151.14,1679399.0
Munnekollala,993367.0,983688.0,831207.0,302856.0,297146.0,166505.0,0.99,0.845,0.364,0.981,130590.0,0.44,0.168,29576393.0,9.04,159.13,1687327.0
Ejipura,595161.0,589132.0,496076.0,273619.0,268768.0,163779.0,0.99,0.8420000000000001,0.552,0.982,104902.0,0.39,0.275,21092572.0,6.47,122.29,1148191.0
Jeevanbhima Nagar,658033.0,652625.0,563304.0,269919.0,264220.0,160433.0,0.992,0.863,0.479,0.9790000000000001,103743.0,0.39299999999999996,0.244,24369066.0,8.39,149.77,1367391.0
Kempapura,467690.0,464839.0,360926.0,240038.0,235067.0,150852.0,0.9940000000000001,0.7759999999999999,0.665,0.9790000000000001,84173.0,0.358,0.32299999999999995,22886452.0,8.28,145.63,1322285.0
HSR - Singasandra,633334.0,627352.0,520343.0,255679.0,250108.0,145339.0,0.991,0.8290000000000001,0.491,0.978,104704.0,0.419,0.22899999999999998,21487915.0,7.91,141.29,1209859.0
Shakambari Nagar,404779.0,401530.0,310798.0,215522.0,211098.0,143850.0,0.992,0.774,0.693,0.9790000000000001,67203.0,0.318,0.355,16847054.0,6.29,114.15,935402.0
New Thippasandra,514162.0,509398.0,430195.0,216416.0,212511.0,141334.0,0.991,0.845,0.503,0.982,71126.0,0.335,0.275,20334402.0,7.57,135.66,1138133.0
Hudi,624101.0,619409.0,505072.0,241433.0,237996.0,139066.0,0.993,0.815,0.478,0.986,98878.0,0.415,0.223,24067402.0,8.59,152.37,1376861.0
Ulsoor,591305.0,586928.0,509987.0,234286.0,231034.0,137688.0,0.993,0.8690000000000001,0.45899999999999996,0.986,93291.0,0.40399999999999997,0.233,19496628.0,7.28,132.34,1087433.0
Horamavu,474215.0,471298.0,373096.0,217363.0,213193.0,134402.0,0.9940000000000001,0.792,0.583,0.981,78766.0,0.37,0.28300000000000003,21419228.0,8.54,149.94,1243702.0
C V Raman Nagar,553745.0,549626.0,443121.0,223614.0,220398.0,133108.0,0.993,0.8059999999999999,0.505,0.986,87237.0,0.396,0.24,18927535.0,7.35,132.29,1061714.0
BTM Layout,592216.0,586375.0,486876.0,231084.0,225865.0,131673.0,0.99,0.83,0.475,0.977,94148.0,0.41700000000000004,0.222,17159245.0,6.85,126.39,944612.0
AECS Layout,676398.0,671200.0,554146.0,225651.0,222152.0,131372.0,0.992,0.826,0.40700000000000003,0.9840000000000001,90735.0,0.408,0.19399999999999998,21664546.0,7.79,141.87,1221715.0
Banasavadi,399496.0,396889.0,320276.0,196872.0,193129.0,129571.0,0.9940000000000001,0.807,0.615,0.981,63520.0,0.32899999999999996,0.324,18119313.0,7.33,131.58,1027738.0
Hennur,415505.0,412861.0,318728.0,206331.0,202957.0,129335.0,0.9940000000000001,0.772,0.647,0.9840000000000001,73580.0,0.363,0.311,18050307.0,7.26,130.63,1026125.0
N S Palya,467723.0,462917.0,382404.0,202109.0,197602.0,128229.0,0.99,0.826,0.528,0.978,69328.0,0.35100000000000003,0.27399999999999997,16804588.0,7.29,131.77,932215.0
Dodda Nekkundi,607388.0,602318.0,496200.0,214444.0,210757.0,127586.0,0.992,0.8240000000000001,0.43200000000000005,0.983,83119.0,0.39399999999999996,0.21,21582457.0,8.44,148.42,1235186.0
Jnana Bharathi,319314.0,316723.0,227074.0,186083.0,182666.0,125721.0,0.992,0.7170000000000001,0.82,0.982,56904.0,0.311,0.39399999999999996,16382506.0,7.13,124.87,947899.0
Sarakki,340594.0,337939.0,269400.0,193160.0,188967.0,125071.0,0.992,0.797,0.7170000000000001,0.978,63821.0,0.33799999999999997,0.36700000000000005,14915086.0,6.07,111.14,813727.0
Subramanyapura,355850.0,352874.0,269420.0,186568.0,182249.0,124196.0,0.992,0.764,0.693,0.977,58020.0,0.318,0.349,17248916.0,7.97,139.95,998378.0
Pulikeshinagar,372621.0,370303.0,305602.0,186689.0,184193.0,122558.0,0.9940000000000001,0.825,0.611,0.987,61553.0,0.33399999999999996,0.32899999999999996,14606750.0,5.85,110.85,795966.0
Kalkere,474310.0,471110.0,380594.0,195394.0,192404.0,121528.0,0.993,0.8079999999999999,0.513,0.985,70832.0,0.368,0.256,19739152.0,8.75,154.38,1134101.0
Ibluru,529396.0,524454.0,451357.0,196173.0,192428.0,120717.0,0.991,0.861,0.435,0.981,71676.0,0.373,0.228,18702426.0,8.26,146.46,1052691.0
Kalena Agrahara,470987.0,465367.0,374447.0,189087.0,185254.0,120613.0,0.988,0.805,0.505,0.98,64607.0,0.349,0.256,20590403.0,9.98,172.89,1198826.0
Vishveshwara Puram,387229.0,384832.0,294439.0,190086.0,186643.0,120170.0,0.9940000000000001,0.765,0.6459999999999999,0.982,66426.0,0.35600000000000004,0.31,14185350.0,6.65,120.04,795860.0
Rajarajeshwari Nagar,297997.0,295464.0,208838.0,174366.0,170354.0,119567.0,0.992,0.7070000000000001,0.835,0.977,50761.0,0.298,0.401,17302405.0,7.97,137.66,1013757.0
Hulimavu,399563.0,395970.0,317072.0,186245.0,182318.0,119094.0,0.991,0.8009999999999999,0.5870000000000001,0.9790000000000001,63188.0,0.34700000000000003,0.298,17254752.0,7.91,141.18,979150.0
Mahadevapura,519993.0,516186.0,422924.0,197874.0,195067.0,116959.0,0.993,0.8190000000000001,0.46799999999999997,0.986,78061.0,0.4,0.225,18052185.0,7.57,137.16,1018123.0
Belathur,473171.0,468835.0,359181.0,189652.0,186679.0,115788.0,0.991,0.7659999999999999,0.528,0.9840000000000001,70818.0,0.379,0.245,19751448.0,8.71,153.6,1138460.0
Rupenaagrahara,468424.0,464133.0,386058.0,195007.0,190728.0,111611.0,0.991,0.8320000000000001,0.505,0.978,79081.0,0.415,0.23800000000000002,16717199.0,7.96,142.96,948513.0
Byatarayanapura,326788.0,324286.0,247453.0,172205.0,168796.0,110246.0,0.992,0.763,0.696,0.98,58518.0,0.34700000000000003,0.337,17387578.0,8.48,148.43,1012272.0
Jogupalya,352576.0,349570.0,298481.0,165972.0,163111.0,108242.0,0.992,0.8540000000000001,0.556,0.983,54840.0,0.336,0.307,13870184.0,6.39,118.33,764262.0
Hemmigepura,324225.0,318922.0,224149.0,161678.0,158827.0,106777.0,0.9840000000000001,0.703,0.721,0.982,52002.0,0.327,0.32899999999999996,15755609.0,8.48,146.23,924865.0
Babusab Palya,387542.0,384927.0,315006.0,171652.0,168721.0,105895.0,0.993,0.818,0.545,0.983,62790.0,0.37200000000000005,0.273,15117374.0,7.23,131.09,854485.0
Kogilu,323620.0,320789.0,221308.0,164071.0,159915.0,104384.0,0.991,0.69,0.741,0.975,55521.0,0.34700000000000003,0.32299999999999995,20501848.0,11.34,190.25,1229470.0
Konena Agrahara,398931.0,395259.0,335826.0,162443.0,159894.0,102850.0,0.991,0.85,0.484,0.9840000000000001,57016.0,0.35700000000000004,0.258,15286571.0,8.17,146.2,859142.0
Konanakunte,288519.0,286472.0,217972.0,158009.0,154765.0,101021.0,0.993,0.7609999999999999,0.725,0.9790000000000001,53684.0,0.34700000000000003,0.35,12839437.0,6.87,122.45,720459.0
Sunkenahalli,266613.0,264632.0,207272.0,151687.0,148854.0,100920.0,0.993,0.7829999999999999,0.732,0.981,47886.0,0.322,0.379,12127955.0,6.41,114.38,686467.0
Kadu Malleshwara,234374.0,232026.0,177602.0,142192.0,139524.0,100728.0,0.99,0.765,0.8009999999999999,0.981,38757.0,0.278,0.43,12911553.0,7.26,127.05,743775.0
Subhash Nagar,312008.0,308910.0,215494.0,163133.0,160185.0,96108.0,0.99,0.698,0.757,0.982,64030.0,0.4,0.308,15244495.0,8.63,153.3,865902.0
Radhakrishna Temple Ward,235760.0,234113.0,181242.0,142398.0,138698.0,94980.0,0.993,0.774,0.7859999999999999,0.9740000000000001,43684.0,0.315,0.40299999999999997,13095032.0,7.4,130.61,749821.0
Amrutahalli,290243.0,288253.0,221378.0,144297.0,141512.0,90988.0,0.993,0.768,0.652,0.981,50503.0,0.35700000000000004,0.314,14484899.0,8.49,149.11,840939.0
Nagapura,224785.0,222670.0,157606.0,134768.0,132094.0,90419.0,0.991,0.708,0.855,0.98,41635.0,0.315,0.402,11369271.0,6.8,120.42,647417.0
Lingarajapura,247617.0,246121.0,206967.0,134855.0,133228.0,89020.0,0.9940000000000001,0.841,0.652,0.988,44176.0,0.332,0.359,11030167.0,6.22,115.48,611475.0
Devasandra,328961.0,326957.0,269416.0,153505.0,151453.0,88876.0,0.9940000000000001,0.8240000000000001,0.57,0.987,62507.0,0.413,0.27,14425616.0,7.7,139.96,793244.0
Arakere,297635.0,295178.0,236337.0,134482.0,131785.0,88063.0,0.992,0.8009999999999999,0.569,0.98,43700.0,0.332,0.29600000000000004,12750606.0,7.82,139.77,726830.0
Bilekhalli,341292.0,337884.0,279585.0,138524.0,135758.0,86611.0,0.99,0.8270000000000001,0.495,0.98,49113.0,0.36200000000000004,0.254,12355272.0,8.19,144.87,696746.0
Lal Bahadur Nagar,298439.0,296273.0,233434.0,130990.0,128841.0,85453.0,0.993,0.7879999999999999,0.561,0.9840000000000001,43354.0,0.337,0.28600000000000003,11787280.0,7.19,129.9,663330.0
Hombegowda Nagara,297006.0,295059.0,242405.0,134879.0,132613.0,84882.0,0.993,0.8220000000000001,0.556,0.983,47700.0,0.36,0.28600000000000003,10291927.0,6.4,119.14,572545.0
Sanjaya Nagar,232325.0,230554.0,173003.0,126576.0,123907.0,84364.0,0.992,0.75,0.732,0.9790000000000001,39515.0,0.319,0.363,11950621.0,7.31,130.66,690457.0
Jalakanteshwara Nagara,341355.0,338254.0,285154.0,127964.0,126460.0,84108.0,0.991,0.843,0.449,0.988,42323.0,0.335,0.24600000000000002,12321916.0,8.16,146.14,690292.0
Subramanya Nagar,227183.0,224956.0,167526.0,134840.0,132053.0,84018.0,0.99,0.745,0.805,0.9790000000000001,47975.0,0.363,0.37,11620465.0,7.33,130.39,658156.0
A Narayanapura,380520.0,378236.0,297503.0,150915.0,148604.0,83641.0,0.9940000000000001,0.787,0.507,0.985,64929.0,0.43700000000000006,0.22,12960687.0,7.84,144.2,724832.0
Dharmaraya Swamy Temple Ward,366440.0,364066.0,297903.0,156645.0,154173.0,81338.0,0.9940000000000001,0.818,0.526,0.9840000000000001,72800.0,0.47200000000000003,0.222,11791632.0,8.25,144.28,677451.0
Ganesh Mandir ward,194825.0,193315.0,148871.0,117351.0,115021.0,81053.0,0.992,0.77,0.7879999999999999,0.98,33945.0,0.295,0.41600000000000004,9225801.0,6.34,114.06,518193.0
Maruthi Seva Nagar,242742.0,241202.0,199286.0,122196.0,120619.0,77966.0,0.9940000000000001,0.826,0.613,0.987,42616.0,0.353,0.321,10465501.0,6.83,125.11,588080.0
Yediyur,217584.0,215964.0,173558.0,116380.0,114022.0,77289.0,0.993,0.804,0.6709999999999999,0.98,36701.0,0.322,0.355,9336611.0,6.16,111.86,524159.0
RBI layout,238409.0,236384.0,191958.0,114847.0,112912.0,75034.0,0.992,0.812,0.598,0.983,37859.0,0.335,0.315,10308499.0,7.74,138.01,586125.0
Basavanagudi,186676.0,185269.0,141789.0,107661.0,105222.0,74855.0,0.993,0.765,0.759,0.977,30342.0,0.28800000000000003,0.401,8739365.0,5.93,106.91,494307.0
Ashoka Pillar,240165.0,238394.0,193374.0,116459.0,114382.0,74768.0,0.993,0.8109999999999999,0.602,0.982,39588.0,0.34600000000000003,0.311,8892465.0,6.24,113.58,495915.0
Shanthi Nagar,295377.0,293117.0,250398.0,119619.0,117491.0,74214.0,0.992,0.8540000000000001,0.478,0.982,43247.0,0.368,0.251,8832651.0,6.12,113.8,489106.0
Hebbala,210018.0,208859.0,160264.0,113237.0,111227.0,74191.0,0.995,0.767,0.7070000000000001,0.982,37015.0,0.33299999999999996,0.353,10451800.0,7.18,128.16,600960.0
Jakkasandra,293539.0,290421.0,234646.0,122559.0,120381.0,71542.0,0.9890000000000001,0.8079999999999999,0.522,0.982,48812.0,0.406,0.244,10009357.0,7.65,137.15,561808.0
Vasanthpura,197481.0,195766.0,146501.0,106645.0,104593.0,71270.0,0.991,0.748,0.728,0.981,33305.0,0.318,0.361,9166566.0,7.22,127.94,522826.0
Chatrapati Shivaji,246998.0,245430.0,168460.0,123534.0,121287.0,70969.0,0.9940000000000001,0.6859999999999999,0.733,0.982,50282.0,0.415,0.287,11852321.0,10.02,176.51,684706.0
Ganga Nagar,188574.0,187413.0,143991.0,105956.0,103887.0,70862.0,0.9940000000000001,0.768,0.736,0.98,33000.0,0.318,0.376,9141119.0,6.67,120.88,517686.0
Veeramadakari,220637.0,219153.0,162699.0,111091.0,108624.0,70763.0,0.993,0.742,0.6829999999999999,0.978,37831.0,0.348,0.321,9332952.0,7.09,125.9,537835.0
Kodigehalli,196145.0,194961.0,149308.0,107883.0,105725.0,70564.0,0.9940000000000001,0.7659999999999999,0.723,0.98,35140.0,0.332,0.36,10230486.0,7.6,133.63,593640.0
Chunchaghatta,217645.0,215880.0,168160.0,102629.0,100846.0,69785.0,0.992,0.779,0.61,0.983,31050.0,0.308,0.321,9809361.0,8.04,142.83,561909.0
Girinagar,151298.0,150124.0,109429.0,94526.0,92674.0,68559.0,0.992,0.7290000000000001,0.8640000000000001,0.98,24098.0,0.26,0.45299999999999996,8120554.0,6.16,110.86,464514.0
Vidyaranyapura,162334.0,161161.0,115878.0,94688.0,92989.0,68434.0,0.993,0.7190000000000001,0.8170000000000001,0.982,24532.0,0.264,0.42200000000000004,10260458.0,8.23,142.87,601776.0
Puttenahalli - Sarakki Lake,207078.0,205166.0,162436.0,105664.0,103627.0,68322.0,0.991,0.792,0.65,0.981,35287.0,0.341,0.33,8925759.0,6.89,124.26,502544.0
Vijnana Nagar,284810.0,282184.0,236325.0,102203.0,100939.0,67616.0,0.991,0.8370000000000001,0.433,0.988,33306.0,0.33,0.237,10484765.0,8.31,148.27,591561.0
Ramamurthy Nagara,232429.0,231146.0,181021.0,102245.0,100972.0,66479.0,0.995,0.7829999999999999,0.565,0.988,34467.0,0.341,0.28600000000000003,9319066.0,7.22,130.58,526973.0
Kacharkanahalli,191730.0,190608.0,151235.0,100993.0,99607.0,65419.0,0.9940000000000001,0.7929999999999999,0.6679999999999999,0.986,34157.0,0.34299999999999997,0.341,8339738.0,6.79,123.42,468312.0
New Bayappanahalli,254107.0,252254.0,209679.0,108901.0,107300.0,65408.0,0.993,0.831,0.519,0.985,41874.0,0.39,0.257,8828102.0,6.72,121.67,495902.0
Uttarahalli,186490.0,185055.0,140087.0,98160.0,95735.0,65255.0,0.992,0.757,0.701,0.975,30463.0,0.318,0.35,8320142.0,7.63,135.69,473598.0
Begur,265563.0,263194.0,209042.0,106436.0,104409.0,65013.0,0.991,0.794,0.509,0.981,39383.0,0.377,0.245,10898601.0,9.51,165.47,632169.0
Kaval Bairasandra,193601.0,192567.0,152405.0,97995.0,96136.0,63841.0,0.995,0.7909999999999999,0.643,0.981,32275.0,0.336,0.33,8533133.0,6.86,124.91,483576.0
Malleswaram,166854.0,165380.0,122220.0,93842.0,91944.0,63512.0,0.991,0.7390000000000001,0.768,0.98,28406.0,0.309,0.381,7687376.0,6.73,120.55,436550.0
Varthuru,402250.0,390539.0,324590.0,105265.0,103606.0,62888.0,0.971,0.831,0.324,0.9840000000000001,40705.0,0.39299999999999996,0.156,12961411.0,10.96,190.49,759723.0
Hagadur,278239.0,274893.0,217235.0,104341.0,102653.0,62887.0,0.988,0.79,0.48,0.9840000000000001,39751.0,0.387,0.226,11127797.0,8.77,153.23,643245.0
Padmanabha Nagar,158399.0,157105.0,120091.0,90719.0,88380.0,62331.0,0.992,0.764,0.755,0.9740000000000001,26035.0,0.295,0.39399999999999996,7340332.0,6.31,113.41,414667.0
Chamrajapet,200517.0,198991.0,150994.0,104756.0,102838.0,61777.0,0.992,0.759,0.6940000000000001,0.982,41031.0,0.39899999999999997,0.308,7786960.0,6.75,120.21,445176.0
Umamaheshwara Ward,164543.0,163007.0,125458.0,91960.0,89945.0,61347.0,0.991,0.77,0.733,0.978,28580.0,0.318,0.373,7419194.0,5.88,107.51,418110.0
Yelahanka Satellite Town,169746.0,168473.0,120260.0,96807.0,95135.0,61324.0,0.993,0.7140000000000001,0.805,0.983,33788.0,0.355,0.361,9808967.0,8.69,149.5,577463.0
Anjanapura,181644.0,179006.0,135191.0,91485.0,88729.0,60694.0,0.986,0.755,0.677,0.97,28021.0,0.316,0.33399999999999996,9140657.0,8.31,144.46,531947.0
Jayachamarajendra  Nagar,167767.0,166630.0,130339.0,90839.0,89181.0,60216.0,0.993,0.782,0.6970000000000001,0.982,28949.0,0.325,0.359,7887322.0,6.65,120.71,447086.0
Jayamahal,199847.0,198600.0,154332.0,96533.0,95354.0,57697.0,0.9940000000000001,0.777,0.625,0.988,37629.0,0.395,0.289,8178556.0,7.08,130.82,449166.0
Shettihalli,172369.0,170961.0,121801.0,87975.0,86145.0,56658.0,0.992,0.7120000000000001,0.722,0.9790000000000001,29465.0,0.342,0.32899999999999996,7692274.0,7.57,131.12,450388.0
Lakkasandra,244683.0,242974.0,202937.0,96480.0,94954.0,56502.0,0.993,0.835,0.475,0.9840000000000001,38431.0,0.405,0.231,7361671.0,6.97,126.23,413147.0
Dattatreya Temple,139810.0,138323.0,104347.0,81795.0,80384.0,56306.0,0.9890000000000001,0.754,0.784,0.983,24051.0,0.299,0.40299999999999997,7092611.0,6.58,118.04,404266.0
Medahalli,210416.0,208912.0,160872.0,89864.0,88720.0,56103.0,0.993,0.77,0.5589999999999999,0.987,32596.0,0.36700000000000005,0.267,9502663.0,8.86,157.11,552030.0
K R Puram,246849.0,245151.0,181931.0,96758.0,95586.0,55788.0,0.993,0.742,0.532,0.988,39775.0,0.41600000000000004,0.226,8730663.0,8.15,144.68,501154.0
Garudachar Playa,233812.0,232336.0,191372.0,97957.0,96448.0,55750.0,0.9940000000000001,0.8240000000000001,0.512,0.985,40674.0,0.42200000000000004,0.23800000000000002,9038348.0,8.3,147.09,510788.0
Katriguppe,136402.0,135253.0,100769.0,81074.0,79166.0,55446.0,0.992,0.745,0.805,0.976,23701.0,0.299,0.406,6475234.0,6.52,117.47,366779.0
Devarachikkanahalli,226563.0,224459.0,181209.0,88766.0,87174.0,55262.0,0.991,0.807,0.49,0.982,31900.0,0.366,0.244,8343832.0,8.29,147.16,475621.0
Kempegowda Ward,223033.0,220550.0,158743.0,91311.0,89805.0,54974.0,0.9890000000000001,0.72,0.575,0.9840000000000001,34816.0,0.38799999999999996,0.24600000000000002,9949162.0,9.86,168.46,592827.0
Neelasandra,220700.0,219466.0,187313.0,90231.0,88979.0,54805.0,0.9940000000000001,0.853,0.48200000000000004,0.986,34144.0,0.384,0.248,6463739.0,5.83,110.57,352007.0
Kumaraswamy Layout,143853.0,142737.0,105455.0,82322.0,80684.0,54590.0,0.992,0.7390000000000001,0.7809999999999999,0.98,26080.0,0.32299999999999995,0.38,6371132.0,6.39,114.23,358192.0
Thanisandra,155904.0,155006.0,113130.0,84772.0,82935.0,54435.0,0.9940000000000001,0.73,0.7490000000000001,0.978,28487.0,0.344,0.349,8798989.0,8.64,150.7,514432.0
Attiguppe,122277.0,121113.0,83123.0,74314.0,72200.0,52845.0,0.991,0.6859999999999999,0.894,0.972,19332.0,0.268,0.43200000000000005,6467725.0,6.97,123.87,369824.0
Ramaswamy Palya,158326.0,157576.0,131163.0,78156.0,76894.0,52575.0,0.995,0.8320000000000001,0.596,0.9840000000000001,24304.0,0.316,0.332,6218113.0,6.07,112.24,344823.0
Sudham Nagara,207651.0,206119.0,168626.0,88531.0,86990.0,51838.0,0.993,0.818,0.525,0.983,35118.0,0.40399999999999997,0.25,7147733.0,7.44,132.63,406732.0
Kanneshwara Rama,137753.0,136778.0,102151.0,76606.0,75289.0,50824.0,0.993,0.747,0.75,0.983,24444.0,0.325,0.369,6666800.0,7.24,126.82,383834.0
Gurappanapalya,219358.0,217350.0,175884.0,97073.0,95401.0,50729.0,0.991,0.809,0.552,0.983,44650.0,0.46799999999999997,0.231,6598625.0,6.94,126.23,366661.0
Basavanapura,221845.0,220103.0,169213.0,83635.0,82367.0,50465.0,0.992,0.769,0.494,0.985,31894.0,0.387,0.228,8871533.0,9.62,168.17,516880.0
Kudlu,236803.0,234065.0,197098.0,81672.0,80368.0,50108.0,0.988,0.8420000000000001,0.414,0.9840000000000001,30253.0,0.376,0.212,8378598.0,9.02,159.12,480351.0
Sir M. Vishweshwaraiah,118310.0,117288.0,78883.0,70564.0,68993.0,49703.0,0.991,0.6729999999999999,0.895,0.978,19275.0,0.27899999999999997,0.42,7042823.0,7.65,131.9,416894.0
Mattikere,127532.0,126489.0,91822.0,74048.0,72560.0,49681.0,0.992,0.726,0.8059999999999999,0.98,22863.0,0.315,0.39,6240282.0,6.83,121.59,355613.0
Someshwara Ward,135715.0,134750.0,93900.0,74919.0,73572.0,49328.0,0.993,0.6970000000000001,0.7979999999999999,0.982,24230.0,0.32899999999999996,0.364,8645725.0,9.86,167.44,516119.0
Kuvempunagar,146326.0,145244.0,105110.0,75973.0,74164.0,49239.0,0.993,0.7240000000000001,0.723,0.976,24917.0,0.336,0.337,7473265.0,8.65,148.64,440698.0
Someshwara Nagar,202532.0,201374.0,160896.0,84826.0,83617.0,48356.0,0.9940000000000001,0.799,0.527,0.986,35234.0,0.42100000000000004,0.239,6948587.0,7.55,133.6,398478.0
Nalvadi Krishnaraja Wadior Park,115514.0,114506.0,75953.0,68469.0,66856.0,48127.0,0.991,0.6629999999999999,0.9009999999999999,0.976,18727.0,0.28,0.41700000000000004,7063617.0,8.19,140.92,418340.0
Vishwanath Nagenahalli,154030.0,153201.0,118304.0,73656.0,72720.0,47891.0,0.995,0.772,0.623,0.987,24812.0,0.341,0.311,6530937.0,6.53,119.33,370828.0
HAL Airport,211250.0,209175.0,169890.0,75050.0,74006.0,47030.0,0.99,0.812,0.442,0.986,26966.0,0.364,0.223,7494305.0,8.55,151.55,428553.0
Vikram Nagar,119772.0,118755.0,89035.0,66520.0,64768.0,45251.0,0.992,0.75,0.747,0.9740000000000001,19502.0,0.301,0.37799999999999995,5800764.0,7.24,129.76,330132.0
Dodda Bommasandra,133094.0,132125.0,96560.0,68415.0,67164.0,44788.0,0.993,0.731,0.7090000000000001,0.982,22363.0,0.33299999999999996,0.337,6400370.0,8.04,140.8,373067.0
Hanumanth Nagar,111343.0,110436.0,78939.0,63637.0,62055.0,44418.0,0.992,0.715,0.8059999999999999,0.975,17619.0,0.284,0.39899999999999997,5196937.0,6.75,118.14,294931.0
Rajamahal Guttahalli,117569.0,116512.0,90080.0,64358.0,63260.0,44403.0,0.991,0.773,0.715,0.983,18841.0,0.298,0.37799999999999995,5386551.0,6.3,113.9,304299.0
Gottigere,122130.0,121067.0,86790.0,66013.0,64702.0,44306.0,0.991,0.7170000000000001,0.7609999999999999,0.98,20384.0,0.315,0.363,6970268.0,9.04,155.56,405976.0
Okalipuram,138471.0,137027.0,105136.0,78599.0,77551.0,44243.0,0.99,0.767,0.748,0.987,33277.0,0.429,0.319,6159044.0,6.79,122.73,345240.0
Bande Mutt,148773.0,147190.0,93694.0,68336.0,66875.0,43599.0,0.9890000000000001,0.637,0.7290000000000001,0.9790000000000001,23253.0,0.348,0.293,6521990.0,8.47,149.11,383759.0
Hosakerehalli,117622.0,116813.0,85572.0,69348.0,67711.0,43458.0,0.993,0.733,0.81,0.976,24243.0,0.358,0.37,5569815.0,7.32,129.03,321161.0
Sriramamandir,103115.0,102017.0,73067.0,62026.0,60894.0,43222.0,0.9890000000000001,0.716,0.8490000000000001,0.982,17655.0,0.29,0.419,5402455.0,6.58,117.45,311932.0
Chokkasandra,151979.0,151264.0,115735.0,74256.0,73111.0,43081.0,0.995,0.765,0.642,0.985,30011.0,0.41,0.28300000000000003,4369042.0,5.01,96.47,237432.0
Tilak Nagar,165973.0,164860.0,135480.0,73314.0,71905.0,42761.0,0.993,0.8220000000000001,0.541,0.981,29125.0,0.405,0.258,5238333.0,6.98,126.96,289803.0
Manorayanapalya,138726.0,137934.0,105934.0,67224.0,65761.0,42741.0,0.9940000000000001,0.768,0.635,0.978,23005.0,0.35,0.308,5769512.0,7.13,128.85,326215.0
Srinagar,100697.0,99704.0,70561.0,59450.0,58086.0,41921.0,0.99,0.708,0.843,0.977,16144.0,0.278,0.41600000000000004,5044899.0,6.68,118.81,289196.0
Kengeri,108258.0,107446.0,68375.0,57488.0,56271.0,39618.0,0.993,0.636,0.841,0.9790000000000001,16645.0,0.29600000000000004,0.366,6105084.0,8.4,144.76,362715.0
Marappana Palya,118135.0,117071.0,75583.0,62138.0,60885.0,39411.0,0.991,0.6459999999999999,0.8220000000000001,0.98,21463.0,0.353,0.33399999999999996,5033661.0,6.87,122.99,287228.0
Hampi Nagar,95276.0,94422.0,65398.0,57118.0,55601.0,39198.0,0.991,0.693,0.873,0.973,16380.0,0.295,0.41100000000000003,4996931.0,6.72,120.11,287236.0
Ullal,99172.0,98336.0,64672.0,56247.0,54815.0,39147.0,0.992,0.6579999999999999,0.87,0.975,15658.0,0.28600000000000003,0.395,6139405.0,9.6,162.23,367154.0
Naganathapura,171381.0,169665.0,131681.0,66576.0,65568.0,38620.0,0.99,0.7759999999999999,0.506,0.985,26938.0,0.41100000000000003,0.225,7416872.0,10.4,179.22,436687.0
Kamakya Nagar,109692.0,108757.0,82046.0,58708.0,57518.0,38541.0,0.992,0.754,0.715,0.98,18968.0,0.33,0.35100000000000003,4704595.0,6.01,109.83,265949.0
Mangammanapalya,154378.0,152837.0,122653.0,67435.0,66180.0,38343.0,0.99,0.8029999999999999,0.55,0.981,27818.0,0.42,0.248,5773897.0,7.84,140.92,325690.0
Doddagollarahatti,98783.0,97839.0,61840.0,54233.0,53145.0,38065.0,0.99,0.632,0.877,0.98,15069.0,0.28300000000000003,0.385,6148958.0,9.0,151.89,369997.0
T Dasarahalli,116879.0,116132.0,81881.0,62233.0,61128.0,37945.0,0.9940000000000001,0.705,0.76,0.982,23152.0,0.379,0.325,4428407.0,6.41,115.27,248636.0
Vidyapeeta ward,98218.0,97305.0,72769.0,57004.0,55960.0,37832.0,0.991,0.748,0.7829999999999999,0.982,18111.0,0.324,0.385,4405252.0,6.19,112.18,247727.0
Chamundi Nagara,109038.0,108468.0,82395.0,56986.0,56063.0,37616.0,0.995,0.76,0.6920000000000001,0.9840000000000001,18434.0,0.32899999999999996,0.345,4634638.0,5.79,108.06,258432.0
Atturu Layout,106263.0,105338.0,71258.0,55686.0,54548.0,37150.0,0.991,0.6759999999999999,0.7809999999999999,0.98,17385.0,0.319,0.35,6254460.0,9.0,169.54,372076.0
J P Park,107208.0,106388.0,77661.0,55905.0,54791.0,37081.0,0.992,0.73,0.72,0.98,17699.0,0.32299999999999995,0.34600000000000003,4936530.0,6.65,119.43,284992.0
Nagarabhavi,87574.0,86839.0,60510.0,52907.0,51678.0,36747.0,0.992,0.6970000000000001,0.8740000000000001,0.977,14920.0,0.289,0.42,5050626.0,7.73,134.74,295639.0
Marenahalli,83523.0,82785.0,56507.0,51111.0,49970.0,36141.0,0.991,0.6829999999999999,0.905,0.978,13815.0,0.27699999999999997,0.433,4340983.0,7.04,124.1,248263.0
Dr. Raj Kumar Ward,89477.0,88660.0,61954.0,52508.0,51412.0,35829.0,0.991,0.6990000000000001,0.848,0.9790000000000001,15561.0,0.303,0.4,4510924.0,7.15,126.07,257641.0
Jaraganahalli,110924.0,110009.0,85970.0,59511.0,58207.0,35674.0,0.992,0.7809999999999999,0.6920000000000001,0.978,22518.0,0.387,0.322,4062345.0,6.79,121.3,225413.0
Chickpete,185488.0,183645.0,150079.0,93173.0,92089.0,34980.0,0.99,0.8170000000000001,0.621,0.988,57078.0,0.62,0.18899999999999997,5808054.0,9.79,167.33,340988.0
Gali Anjenaya Temple ward,104178.0,103308.0,65657.0,55007.0,54258.0,34405.0,0.992,0.636,0.838,0.986,19834.0,0.365,0.33,5059895.0,8.23,144.08,288389.0
Vannarapete,99365.0,98763.0,79376.0,50576.0,49797.0,33723.0,0.9940000000000001,0.804,0.637,0.985,16070.0,0.32299999999999995,0.33899999999999997,4082537.0,6.51,117.94,227962.0
Kammanahalli,111511.0,110898.0,87583.0,55916.0,55260.0,33576.0,0.995,0.79,0.638,0.988,21666.0,0.392,0.301,4412131.0,6.67,121.53,248871.0
Defence Colony,113502.0,112831.0,80837.0,56497.0,55754.0,33207.0,0.9940000000000001,0.716,0.6990000000000001,0.987,22522.0,0.40399999999999997,0.293,3857800.0,6.09,111.03,217101.0
Kushal Nagar,106911.0,106401.0,82697.0,52289.0,51701.0,32787.0,0.995,0.777,0.632,0.9890000000000001,18908.0,0.366,0.307,4058575.0,6.48,118.28,227574.0
Rajaji Nagar,78766.0,78002.0,52276.0,46245.0,45396.0,32404.0,0.99,0.67,0.885,0.982,12979.0,0.28600000000000003,0.41100000000000003,4107176.0,6.26,112.33,235670.0
Bommanahalli,152618.0,151217.0,122893.0,55029.0,54175.0,32011.0,0.991,0.813,0.44799999999999995,0.9840000000000001,22152.0,0.409,0.21,4456835.0,7.35,132.21,249748.0
Vijinapura,125088.0,124310.0,95925.0,52300.0,51728.0,31626.0,0.9940000000000001,0.772,0.545,0.9890000000000001,20092.0,0.38799999999999996,0.253,4521821.0,7.46,134.92,255491.0
Srinivasa Nagar,74452.0,73908.0,51573.0,43303.0,42504.0,31259.0,0.993,0.698,0.84,0.982,11234.0,0.264,0.42,3641236.0,6.62,117.91,207210.0
Agaram,140342.0,139281.0,113197.0,52499.0,51730.0,31096.0,0.992,0.813,0.46399999999999997,0.985,20624.0,0.39899999999999997,0.222,4144647.0,7.01,127.39,229317.0
Gayithri Nagar,77922.0,77120.0,52814.0,44397.0,43591.0,31052.0,0.99,0.685,0.841,0.982,12526.0,0.287,0.39899999999999997,3714235.0,6.33,114.27,211782.0
Vijayanagara Krishnadevaraya,79830.0,79216.0,51953.0,45187.0,44220.0,30360.0,0.992,0.6559999999999999,0.87,0.9790000000000001,13851.0,0.313,0.38,4021673.0,7.41,127.94,235209.0
Kammagondanahalli,88813.0,88177.0,63366.0,44948.0,44183.0,30124.0,0.993,0.7190000000000001,0.7090000000000001,0.983,14051.0,0.318,0.33899999999999997,4642293.0,8.44,144.22,274443.0
Veerabhadranagar,83820.0,83214.0,58885.0,46701.0,45797.0,29394.0,0.993,0.708,0.7929999999999999,0.981,16390.0,0.358,0.35100000000000003,3313096.0,6.11,109.13,186855.0
Bharathi Nagar,113705.0,113062.0,92076.0,52147.0,51610.0,28677.0,0.9940000000000001,0.8140000000000001,0.5660000000000001,0.99,22911.0,0.444,0.252,3577300.0,6.35,116.49,197970.0
Yelachenahalli,92064.0,91284.0,68402.0,48782.0,47953.0,28465.0,0.992,0.7490000000000001,0.713,0.983,19475.0,0.406,0.309,3543903.0,6.32,115.22,199914.0
Deen Dayalu Ward,86800.0,86185.0,60896.0,45429.0,44423.0,28289.0,0.993,0.7070000000000001,0.746,0.978,16127.0,0.363,0.326,3487579.0,7.42,131.25,198272.0
Kadugondanahalli,94784.0,94377.0,71903.0,46635.0,45936.0,28083.0,0.996,0.762,0.649,0.985,17837.0,0.38799999999999996,0.29600000000000004,3474646.0,6.17,113.46,193981.0
Sagayarapuram,98658.0,98158.0,79329.0,46502.0,46108.0,28010.0,0.995,0.8079999999999999,0.586,0.992,18086.0,0.392,0.284,3270499.0,5.85,108.3,178616.0
Chanakya,96377.0,95232.0,57457.0,46149.0,44733.0,27699.0,0.988,0.603,0.8029999999999999,0.9690000000000001,17027.0,0.381,0.287,3852559.0,7.52,136.38,221877.0
Shivanagara,64174.0,63577.0,43741.0,38676.0,37977.0,27691.0,0.991,0.688,0.884,0.982,10269.0,0.27,0.431,3383414.0,6.63,117.86,193984.0
Mahalakshimpuram,65516.0,64850.0,44936.0,39445.0,38745.0,27477.0,0.99,0.693,0.878,0.982,11250.0,0.29,0.419,3370934.0,6.53,116.34,193461.0
Basaveshwara Nagar,58527.0,57844.0,40053.0,36905.0,36131.0,27146.0,0.988,0.6920000000000001,0.9209999999999999,0.9790000000000001,8976.0,0.248,0.46399999999999997,3350801.0,7.74,132.38,194172.0
Vidyamanyanagar,75939.0,75319.0,48394.0,40083.0,38827.0,26581.0,0.992,0.643,0.828,0.9690000000000001,12238.0,0.315,0.35,4253108.0,8.98,151.45,255355.0
Peenya,91034.0,90256.0,62590.0,46109.0,45149.0,26421.0,0.992,0.693,0.737,0.9790000000000001,18711.0,0.414,0.29,3543467.0,7.85,138.3,206158.0
Chowdeswari Ward,90118.0,88903.0,60275.0,42773.0,41720.0,26194.0,0.987,0.6779999999999999,0.71,0.975,15518.0,0.37200000000000005,0.29100000000000004,5313533.0,11.42,193.13,322290.0
Govindaraja Nagar,56479.0,55909.0,37517.0,34726.0,33936.0,25734.0,0.99,0.6709999999999999,0.9259999999999999,0.977,8195.0,0.24100000000000002,0.456,3303480.0,6.92,122.15,192036.0
Maruthi Mandir ward,59573.0,59060.0,39759.0,36081.0,35073.0,25648.0,0.991,0.6729999999999999,0.9079999999999999,0.972,9417.0,0.26899999999999996,0.43,3353990.0,7.65,133.05,194119.0
Kamakshipalya,57410.0,56844.0,38391.0,35243.0,34658.0,25365.0,0.99,0.675,0.9179999999999999,0.983,9284.0,0.268,0.442,3263544.0,6.98,124.77,189598.0
Avalahalli,67045.0,66451.0,46911.0,38773.0,37890.0,24789.0,0.991,0.706,0.8270000000000001,0.977,13090.0,0.345,0.37,3315008.0,7.5,132.55,189999.0
Banashankari Temple ward,85840.0,85171.0,60417.0,42008.0,41326.0,24423.0,0.992,0.7090000000000001,0.695,0.9840000000000001,16888.0,0.409,0.284,2598862.0,5.61,103.27,141898.0
Kadugodi,114762.0,113298.0,84957.0,40959.0,40210.0,24200.0,0.987,0.75,0.48200000000000004,0.982,16001.0,0.39799999999999996,0.21100000000000002,4537344.0,8.91,155.22,267519.0
Bagalakunte,80540.0,80086.0,53963.0,37043.0,36470.0,23104.0,0.9940000000000001,0.674,0.687,0.985,13344.0,0.366,0.287,3001387.0,6.12,112.39,173032.0
Hosahalli,55891.0,55379.0,38890.0,33599.0,32751.0,22777.0,0.991,0.7020000000000001,0.8640000000000001,0.975,9970.0,0.304,0.408,2891049.0,6.7,118.29,167216.0
Shankar Matt,53607.0,53055.0,36312.0,32452.0,31755.0,22594.0,0.99,0.684,0.894,0.9790000000000001,9155.0,0.28800000000000003,0.42100000000000004,2747829.0,6.5,114.19,158582.0
Nelagadderanahalli,70269.0,69751.0,52684.0,33633.0,33005.0,20820.0,0.993,0.755,0.638,0.981,12173.0,0.369,0.29600000000000004,2789659.0,7.24,125.97,162660.0
Dodda Bidarakallu,75747.0,75035.0,49346.0,34318.0,33515.0,20643.0,0.991,0.6579999999999999,0.695,0.977,12864.0,0.384,0.273,3325375.0,8.39,144.62,198915.0
Vijayanagar,54745.0,54304.0,37527.0,30855.0,30132.0,20474.0,0.992,0.691,0.8220000000000001,0.977,9645.0,0.32,0.374,2256693.0,5.67,102.67,126023.0
Prakash Nagar,50760.0,50320.0,34779.0,29499.0,28934.0,19727.0,0.991,0.691,0.848,0.981,9197.0,0.318,0.389,2317255.0,6.67,117.97,131028.0
Shakthi Ganapathi Nagar,45353.0,44976.0,30181.0,27389.0,26831.0,19527.0,0.992,0.6709999999999999,0.9079999999999999,0.98,7288.0,0.272,0.431,2448766.0,6.77,119.28,142028.0
Chandra Layout,50247.0,49912.0,34372.0,28748.0,28165.0,19187.0,0.993,0.6890000000000001,0.836,0.98,8972.0,0.319,0.382,2456871.0,7.12,124.05,141833.0
Herohalli,47952.0,47600.0,29755.0,26798.0,26192.0,18276.0,0.993,0.625,0.9009999999999999,0.977,7916.0,0.302,0.381,2724334.0,9.7,162.35,162105.0
Agrahara Dasarahalli,43027.0,42536.0,27331.0,25002.0,24554.0,18053.0,0.9890000000000001,0.643,0.915,0.982,6496.0,0.265,0.42,2401294.0,7.51,127.94,139769.0
Puneet Rajkumar,45863.0,45416.0,30747.0,26816.0,26265.0,18033.0,0.99,0.677,0.872,0.9790000000000001,8224.0,0.313,0.39299999999999996,2148483.0,6.3,112.2,123322.0
Nandini Layout,44061.0,43724.0,30100.0,26165.0,25692.0,17747.0,0.992,0.688,0.8690000000000001,0.982,7935.0,0.309,0.40299999999999997,2203322.0,7.98,136.49,127506.0
Binnipete,59606.0,59100.0,43772.0,30868.0,30446.0,17157.0,0.992,0.741,0.705,0.986,13280.0,0.436,0.28800000000000003,2173390.0,6.03,109.08,124006.0
Nagavara,68797.0,68313.0,48922.0,29950.0,29541.0,17006.0,0.993,0.716,0.612,0.986,12528.0,0.424,0.247,2128376.0,6.27,115.24,118358.0
Rajagopal Nagar,49249.0,48787.0,35227.0,25452.0,24943.0,16453.0,0.991,0.722,0.723,0.98,8483.0,0.34,0.33399999999999996,2143115.0,6.57,116.78,124679.0
Ranadheera Kanteerava,46845.0,46412.0,30623.0,25551.0,24906.0,16164.0,0.991,0.66,0.8340000000000001,0.975,8733.0,0.35100000000000003,0.345,1933328.0,6.37,112.1,111080.0
Hongasandra,66045.0,65467.0,52043.0,27198.0,26768.0,15798.0,0.991,0.795,0.523,0.9840000000000001,10964.0,0.41,0.239,2311899.0,7.83,141.91,131471.0
Cottonpete,67650.0,66994.0,50956.0,32826.0,32405.0,15118.0,0.99,0.7609999999999999,0.644,0.987,17281.0,0.5329999999999999,0.22399999999999998,2035209.0,6.58,118.78,117399.0
Dayananda Nagar,35860.0,35491.0,25987.0,20503.0,20224.0,13486.0,0.99,0.732,0.789,0.986,6736.0,0.33299999999999996,0.376,1487424.0,5.72,103.47,83810.0
Mudalapalya,34182.0,33913.0,21506.0,19335.0,18953.0,12984.0,0.992,0.634,0.899,0.98,5964.0,0.315,0.38,1622413.0,5.85,105.07,93384.0
Nayandahalli,41688.0,41360.0,27115.0,20901.0,20511.0,12926.0,0.992,0.6559999999999999,0.7709999999999999,0.981,7576.0,0.369,0.31,1826005.0,9.05,160.09,105622.0
Venkateshpura,53359.0,53147.0,41072.0,23750.0,23529.0,12897.0,0.996,0.773,0.578,0.991,10623.0,0.451,0.242,1453487.0,6.19,112.54,79501.0
Azad Nagar,39763.0,39483.0,28953.0,21302.0,20954.0,12675.0,0.993,0.733,0.736,0.9840000000000001,8270.0,0.395,0.319,1532784.0,7.01,125.33,87562.0
Jai Maruthinagara,33022.0,32752.0,22329.0,19042.0,18500.0,12151.0,0.992,0.682,0.853,0.972,6338.0,0.34299999999999997,0.368,1397378.0,5.52,100.04,79844.0
Sunkadakatte,34069.0,33799.0,21816.0,18322.0,17930.0,11471.0,0.992,0.645,0.84,0.9790000000000001,6451.0,0.36,0.337,1485675.0,7.0,138.03,85935.0
Mallasandra,35455.0,35213.0,25485.0,17802.0,17359.0,11329.0,0.993,0.7240000000000001,0.698,0.975,6028.0,0.34700000000000003,0.319,1398636.0,6.89,121.69,80245.0
Veera Sindhura Lakshamana,33045.0,32761.0,21258.0,17405.0,17019.0,11116.0,0.991,0.649,0.8190000000000001,0.978,5900.0,0.34700000000000003,0.336,1359938.0,6.11,109.98,78414.0
Kaveripura,28034.0,27744.0,18644.0,15486.0,15239.0,9824.0,0.99,0.672,0.831,0.9840000000000001,5412.0,0.355,0.35,1313810.0,7.12,123.67,76749.0
Hegganahalli,29838.0,29557.0,19390.0,15783.0,15383.0,9628.0,0.991,0.6559999999999999,0.8140000000000001,0.975,5750.0,0.374,0.32299999999999995,1261951.0,8.58,149.67,73342.0
Vrisabhavathi Nagar,27199.0,26940.0,17322.0,14909.0,14631.0,9475.0,0.991,0.643,0.861,0.981,5149.0,0.35200000000000004,0.348,1145896.0,6.27,110.72,65907.0
Rajeshwari Nagar,28779.0,28581.0,18659.0,14870.0,14391.0,9020.0,0.993,0.653,0.797,0.968,5365.0,0.373,0.313,1082889.0,6.25,112.0,62331.0
Muneshwara Nagar,34615.0,34416.0,25294.0,15178.0,15016.0,8025.0,0.9940000000000001,0.735,0.6,0.9890000000000001,6985.0,0.465,0.23199999999999998,967405.0,6.62,122.02,53837.0
Jagajivanaram Nagar,26740.0,26526.0,19388.0,13672.0,13471.0,6957.0,0.992,0.731,0.705,0.985,6512.0,0.483,0.26,932470.0,9.07,155.48,53891.0
Lakshmi Devi Nagar,19623.0,19467.0,12660.0,10597.0,10356.0,6580.0,0.992,0.65,0.8370000000000001,0.977,3774.0,0.364,0.335,784021.0,7.66,133.48,44959.0
S K Garden,28317.0,28182.0,21614.0,11877.0,11800.0,6492.0,0.995,0.767,0.5489999999999999,0.9940000000000001,5305.0,0.45,0.22899999999999998,817438.0,7.25,132.63,45511.0
Chalavadipalya,23758.0,23618.0,17271.0,11491.0,11350.0,6328.0,0.9940000000000001,0.731,0.665,0.988,5013.0,0.442,0.266,814489.0,6.59,121.66,46499.0
Padarayanapura,20946.0,20772.0,14648.0,10189.0,9934.0,5098.0,0.992,0.705,0.696,0.975,4830.0,0.486,0.243,711850.0,8.93,157.83,40182.0
Bapuji Nagar,18887.0,18768.0,12466.0,9740.0,9629.0,5074.0,0.9940000000000001,0.664,0.7809999999999999,0.9890000000000001,4552.0,0.473,0.26899999999999996,634454.0,6.99,128.51,36059.0
Kempapura Agrahara,16628.0,16463.0,11059.0,8049.0,7934.0,4452.0,0.99,0.672,0.728,0.986,3479.0,0.439,0.268,520021.0,6.26,112.07,29348.0
Devaraj Urs Nagar,17831.0,17746.0,12387.0,8865.0,8724.0,4040.0,0.995,0.698,0.716,0.9840000000000001,4683.0,0.537,0.22699999999999998,507415.0,5.45,97.72,28547.0
Devara Jeevanahalli,9611.0,9548.0,7245.0,3770.0,3730.0,1407.0,0.993,0.759,0.52,0.9890000000000001,2323.0,0.623,0.146,190579.0,5.9,114.0,10687.0
Bangalore Total,67334064.0,66443051.0,52916372.0,30017755.0,29453513.0,18628581.0,0.987,0.7959999999999999,0.5670000000000001,0.981,10817296.0,0.36700000000000005,0.27699999999999997,2679910491.0,8.16,143.86,152007679.0
